{
	"class_name" : "PinholeCameraParameters",
	"extrinsic" : 
	[
		0.85265937050073315,
		0.027512546017361243,
		-0.52174232884531813,
		0.0,
		0.51939570369929322,
		-0.15275956589152692,
		0.84076906342190572,
		0.0,
		-0.056569434114276174,
		-0.98788034439413508,
		-0.14454177349028113,
		0.0,
		5.9321808728443255,
		11.825505270520029,
		42.821790051948824,
		1.0
	],
	"intrinsic" : 
	{
		"height" : 768,
		"intrinsic_matrix" : 
		[
			665.1075101064489,
			0.0,
			0.0,
			0.0,
			665.1075101064489,
			0.0,
			799.5,
			383.5,
			1.0
		],
		"width" : 1600
	},
	"version_major" : 1,
	"version_minor" : 0
}