{
	"class_name" : "PinholeCameraParameters",
	"extrinsic" : 
	[
		-0.59555652377937396,
		0.41719659575975698,
		-0.68648337741732512,
		0.0,
		0.80047353028482704,
		0.23641257776220798,
		-0.55077329309723622,
		0.0,
		-0.067487438069421257,
		-0.87752840043060609,
		-0.47475188482040631,
		0.0,
		-2.9440645331386186,
		1.5137177420112273,
		35.980936363973072,
		1.0
	],
	"intrinsic" : 
	{
		"height" : 768,
		"intrinsic_matrix" : 
		[
			737.6571367569278,
			0.0,
			0.0,
			0.0,
			737.6571367569278,
			0.0,
			799.5,
			383.5,
			1.0
		],
		"width" : 1600
	},
	"version_major" : 1,
	"version_minor" : 0
}