{
	"class_name" : "PinholeCameraParameters",
	"extrinsic" : 
	[
		-0.34363334409324919,
		0.26694493485229698,
		-0.90036466311378183,
		0.0,
		0.93847329921365186,
		0.062484917516808423,
		-0.33965203038692554,
		0.0,
		-0.034409177414374569,
		-0.96168395891770009,
		-0.27199259488089989,
		0.0,
		3.5058808264909924,
		11.412818285839844,
		19.174076746778958,
		1.0
	],
	"intrinsic" : 
	{
		"height" : 768,
		"intrinsic_matrix" : 
		[
			665.1075101064489,
			0.0,
			0.0,
			0.0,
			665.1075101064489,
			0.0,
			799.5,
			383.5,
			1.0
		],
		"width" : 1600
	},
	"version_major" : 1,
	"version_minor" : 0
}