{
	"class_name" : "PinholeCameraParameters",
	"extrinsic" : 
	[
		0.15128213496484474,
		0.57500617551739375,
		-0.80404080354005603,
		0.0,
		0.98682078475741897,
		-0.04059293771921333,
		0.15664275335321434,
		0.0,
		0.057432172266338448,
		-0.81714142688042946,
		-0.57356903164709416,
		0.0,
		9.6516077494930013,
		13.048743534073523,
		12.769373318793706,
		1.0
	],
	"intrinsic" : 
	{
		"height" : 768,
		"intrinsic_matrix" : 
		[
			665.1075101064489,
			0.0,
			0.0,
			0.0,
			665.1075101064489,
			0.0,
			799.5,
			383.5,
			1.0
		],
		"width" : 1600
	},
	"version_major" : 1,
	"version_minor" : 0
}