{
	"class_name" : "PinholeCameraParameters",
	"extrinsic" : 
	[
		0.97133422738308328,
		0.061799760314858482,
		-0.22954434939491508,
		0.0,
		0.23088264013563489,
		-0.47514928841827953,
		0.84907382494080075,
		0.0,
		-0.05659527540446925,
		-0.87773227315658653,
		-0.47579725877863543,
		0.0,
		3.4935040888926903,
		9.8164717517025579,
		15.789864555196411,
		1.0
	],
	"intrinsic" : 
	{
		"height" : 768,
		"intrinsic_matrix" : 
		[
			665.1075101064489,
			0.0,
			0.0,
			0.0,
			665.1075101064489,
			0.0,
			799.5,
			383.5,
			1.0
		],
		"width" : 1600
	},
	"version_major" : 1,
	"version_minor" : 0
}