{
	"class_name" : "PinholeCameraParameters",
	"extrinsic" : 
	[
		0.4162923503490632,
		0.68727601271892091,
		-0.59527503003404614,
		0.0,
		0.87975988531812077,
		-0.46980779272834794,
		0.072822950206406473,
		0.0,
		-0.22961538107430871,
		-0.55401472925627104,
		-0.80021525637868263,
		0.0,
		41.323299495349637,
		24.406140951391968,
		30.635769908930506,
		1.0
	],
	"intrinsic" : 
	{
		"height" : 768,
		"intrinsic_matrix" : 
		[
			665.1075101064489,
			0.0,
			0.0,
			0.0,
			665.1075101064489,
			0.0,
			799.5,
			383.5,
			1.0
		],
		"width" : 1600
	},
	"version_major" : 1,
	"version_minor" : 0
}