{
	"class_name" : "PinholeCameraParameters",
	"extrinsic" : 
	[
		0.99932652045781634,
		-0.035418093020062207,
		-0.0095950089367370633,
		0.0,
		-0.019346162306082024,
		-0.73072192789628376,
		0.68240104784178424,
		0.0,
		-0.031180627217882815,
		-0.68175583809627971,
		-0.73091500580295854,
		0.0,
		1.6105644155479968,
		4.7748711699183843,
		134.67513484144976,
		1.0
	],
	"intrinsic" : 
	{
		"height" : 768,
		"intrinsic_matrix" : 
		[
			665.1075101064489,
			0.0,
			0.0,
			0.0,
			665.1075101064489,
			0.0,
			799.5,
			383.5,
			1.0
		],
		"width" : 1600
	},
	"version_major" : 1,
	"version_minor" : 0
}