{
	"class_name" : "PinholeCameraParameters",
	"extrinsic" : 
	[
		-0.99966542744999765,
		0.0035001346617287675,
		-0.025627762652312782,
		0.0,
		0.022745094024521885,
		0.59074229998575467,
		-0.80653964298437097,
		0.0,
		0.012316406092248334,
		-0.80685270283050448,
		-0.59062426472003349,
		0.0,
		-1.5477356478344044,
		-3.3309676669800545,
		35.2700091191995,
		1.0
	],
	"intrinsic" : 
	{
		"height" : 768,
		"intrinsic_matrix" : 
		[
			665.1075101064489,
			0.0,
			0.0,
			0.0,
			665.1075101064489,
			0.0,
			799.5,
			383.5,
			1.0
		],
		"width" : 1600
	},
	"version_major" : 1,
	"version_minor" : 0
}