{
	"class_name" : "PinholeCameraParameters",
	"extrinsic" : 
	[
		0.99376021291520755,
		-0.039633805760656733,
		-0.10425833620218511,
		0.0,
		0.079012824313182364,
		-0.40960037506456093,
		0.90883689754599273,
		0.0,
		-0.078724918677477843,
		-0.9114036944120304,
		-0.40391297700287743,
		0.0,
		1.2388250408370425,
		4.2416217707039792,
		95.511842968827551,
		1.0
	],
	"intrinsic" : 
	{
		"height" : 768,
		"intrinsic_matrix" : 
		[
			665.1075101064489,
			0.0,
			0.0,
			0.0,
			665.1075101064489,
			0.0,
			799.5,
			383.5,
			1.0
		],
		"width" : 1600
	},
	"version_major" : 1,
	"version_minor" : 0
}