{
	"class_name" : "PinholeCameraParameters",
	"extrinsic" : 
	[
		-0.97008179676518236,
		0.099272610846868101,
		-0.22155418371243107,
		0.0,
		0.24185134048748444,
		0.31548358896284245,
		-0.91759361059214617,
		0.0,
		-0.021195204392556063,
		-0.94372403478494216,
		-0.3300541008380099,
		0.0,
		-2.1587328571054978,
		2.2475017619707485,
		17.164409411313429,
		1.0
	],
	"intrinsic" : 
	{
		"height" : 768,
		"intrinsic_matrix" : 
		[
			665.1075101064489,
			0.0,
			0.0,
			0.0,
			665.1075101064489,
			0.0,
			799.5,
			383.5,
			1.0
		],
		"width" : 1600
	},
	"version_major" : 1,
	"version_minor" : 0
}