{
	"class_name" : "PinholeCameraParameters",
	"extrinsic" : 
	[
		0.76213226508683951,
		0.4686679020233544,
		-0.44665961103129848,
		0.0,
		0.63906235606343187,
		-0.65508884252272503,
		0.40306068211237345,
		0.0,
		-0.1037001233184357,
		-0.59262889400978747,
		-0.79877235706331084,
		0.0,
		-14.946658731075686,
		16.929084952540883,
		13.681268542392074,
		1.0
	],
	"intrinsic" : 
	{
		"height" : 600,
		"intrinsic_matrix" : 
		[
			519.6152422706632,
			0.0,
			0.0,
			0.0,
			519.6152422706632,
			0.0,
			399.5,
			299.5,
			1.0
		],
		"width" : 800
	},
	"version_major" : 1,
	"version_minor" : 0
}